Jar_ID,Date_(M/D/Y),Experiment_Day,Incubator,Temperature_C,Enrichment_(gPP/L),Predator_Present_(YES/NO),Sample_Volume_(mL),Dilution_Volume_(mL),Sub_Sample_Volume_(mL),E.patella_Abundance,Diluted_E.patella_(yes/no),T.pyriformis_Abundance,Diluted_T.pyriformis_(yes/no),E.patella_Density_(#protists/mL),T.pyriformis_Density_(#protists/mL),E.patella_Plotting_Density,T.pyriformis_Plotting_Density
1,5/2/20,2,1,29,0.15,NO,0.3,3,0.3,N/A,N/A,34,yes,N/A,1246.667,N/A,1247.667
1,5/4/20,4,1,29,0.15,NO,0.3,3,0.3,N/A,N/A,39,yes,N/A,1430.000,N/A,1431.000
1,5/5/20,5,1,29,0.15,NO,0.3,3,0.3,N/A,N/A,20,yes,N/A,733.333,N/A,734.333
1,5/6/20,6,1,29,0.15,NO,0.3,2,0.3,N/A,N/A,47,yes,N/A,1201.111,N/A,1202.111
1,5/7/20,7,1,29,0.15,NO,0.3,3,0.3,N/A,N/A,34,yes,N/A,1246.667,N/A,1247.667
1,5/9/20,9,1,29,0.15,NO,0.3,2,0.3,N/A,N/A,53,yes,N/A,1354.444,N/A,1355.444
1,5/10/20,10,1,29,0.15,NO,0.3,2,0.3,N/A,N/A,39,yes,N/A,996.667,N/A,997.667
1,5/11/20,11,1,29,0.15,NO,0.3,2,0.3,N/A,N/A,29,yes,N/A,741.111,N/A,742.111
1,5/12/20,12,1,29,0.15,NO,0.3,2,0.3,N/A,N/A,19,yes,N/A,485.556,N/A,486.556
1,5/13/20,13,1,29,0.15,NO,0.3,2,0.3,N/A,N/A,20,yes,N/A,511.111,N/A,512.111
1,5/14/20,14,1,29,0.15,NO,0.3,1,0.3,N/A,N/A,31,yes,N/A,447.778,N/A,448.778
1,5/19/20,19,1,29,0.15,NO,0.3,0,0.3,N/A,N/A,33,no,N/A,110.000,N/A,111.000
2,5/2/20,2,1,29,0.15,NO,0.3,3,0.3,N/A,N/A,30,yes,N/A,1100.000,N/A,1101.000
2,5/4/20,4,1,29,0.15,NO,0.3,3,0.3,N/A,N/A,20,yes,N/A,733.333,N/A,734.333
2,5/5/20,5,1,29,0.15,NO,0.3,2,0.3,N/A,N/A,37,yes,N/A,945.556,N/A,946.556
2,5/6/20,6,1,29,0.15,NO,0.3,2,0.3,N/A,N/A,39,yes,N/A,996.667,N/A,997.667
2,5/7/20,7,1,29,0.15,NO,0.3,3,0.3,N/A,N/A,23,yes,N/A,843.333,N/A,844.333
2,5/9/20,9,1,29,0.15,NO,0.3,2,0.3,N/A,N/A,24,yes,N/A,613.333,N/A,614.333
2,5/10/20,10,1,29,0.15,NO,0.3,2,0.3,N/A,N/A,18,yes,N/A,460.000,N/A,461.000
2,5/11/20,11,1,29,0.15,NO,0.3,1,0.3,N/A,N/A,21,yes,N/A,303.333,N/A,304.333
2,5/12/20,12,1,29,0.15,NO,0.3,1,0.3,N/A,N/A,20,yes,N/A,288.889,N/A,289.889
2,5/13/20,13,1,29,0.15,NO,0.3,0,0.3,N/A,N/A,31,no,N/A,103.333,N/A,104.333
2,5/14/20,14,1,29,0.15,NO,0.3,0,0.3,N/A,N/A,15,no,N/A,50.000,N/A,51.000
2,5/19/20,19,1,29,0.15,NO,0.3,0,0.3,N/A,N/A,0,no,N/A,0.000,N/A,1.000
3,5/2/20,2,1,29,0.15,NO,0.3,3,0.3,N/A,N/A,35,yes,N/A,1283.333,N/A,1284.333
3,5/4/20,4,1,29,0.15,NO,0.3,3,0.3,N/A,N/A,23,yes,N/A,843.333,N/A,844.333
3,5/5/20,5,1,29,0.15,NO,0.3,2,0.3,N/A,N/A,24,yes,N/A,613.333,N/A,614.333
3,5/6/20,6,1,29,0.15,NO,0.3,2,0.3,N/A,N/A,39,yes,N/A,996.667,N/A,997.667
3,5/7/20,7,1,29,0.15,NO,0.3,3,0.3,N/A,N/A,22,yes,N/A,806.667,N/A,807.667
3,5/9/20,9,1,29,0.15,NO,0.3,2,0.3,N/A,N/A,21,yes,N/A,536.667,N/A,537.667
3,5/10/20,10,1,29,0.15,NO,0.3,2,0.3,N/A,N/A,17,yes,N/A,434.444,N/A,435.444
3,5/11/20,11,1,29,0.15,NO,0.3,1,0.3,N/A,N/A,23,yes,N/A,332.222,N/A,333.222
3,5/12/20,12,1,29,0.15,NO,0.3,1,0.3,N/A,N/A,20,yes,N/A,288.889,N/A,289.889
3,5/13/20,13,1,29,0.15,NO,0.3,1,0.3,N/A,N/A,13,yes,N/A,187.778,N/A,188.778
3,5/14/20,14,1,29,0.15,NO,0.3,0,0.3,N/A,N/A,13,no,N/A,43.333,N/A,44.333
3,5/19/20,19,1,29,0.15,NO,0.3,0,0.3,N/A,N/A,1,no,N/A,3.333,N/A,4.333
4,5/2/20,2,1,29,0.15,NO,0.3,3,0.3,N/A,N/A,30,yes,N/A,1100.000,N/A,1101.000
4,5/4/20,4,1,29,0.15,NO,0.3,3,0.3,N/A,N/A,24,yes,N/A,880.000,N/A,881.000
4,5/5/20,5,1,29,0.15,NO,0.3,2,0.3,N/A,N/A,38,yes,N/A,971.111,N/A,972.111
4,5/6/20,6,1,29,0.15,NO,0.3,2,0.3,N/A,N/A,52,yes,N/A,1328.889,N/A,1329.889
4,5/7/20,7,1,29,0.15,NO,0.3,3,0.3,N/A,N/A,20,yes,N/A,733.333,N/A,734.333
4,5/9/20,9,1,29,0.15,NO,0.3,2,0.3,N/A,N/A,30,yes,N/A,766.667,N/A,767.667
4,5/10/20,10,1,29,0.15,NO,0.3,2,0.3,N/A,N/A,30,yes,N/A,766.667,N/A,767.667
4,5/11/20,11,1,29,0.15,NO,0.3,2,0.3,N/A,N/A,25,yes,N/A,638.889,N/A,639.889
4,5/12/20,12,1,29,0.15,NO,0.3,2,0.3,N/A,N/A,27,yes,N/A,690.000,N/A,691.000
4,5/13/20,13,1,29,0.15,NO,0.3,2,0.3,N/A,N/A,25,yes,N/A,638.889,N/A,639.889
4,5/14/20,14,1,29,0.15,NO,0.3,1,0.3,N/A,N/A,14,yes,N/A,202.222,N/A,203.222
4,5/19/20,19,1,29,0.15,NO,0.3,0,0.3,N/A,N/A,3,no,N/A,10.000,N/A,11.000
5,5/2/20,2,1,29,0.4,NO,0.3,3,0.3,N/A,N/A,43,yes,N/A,1576.667,N/A,1577.667
5,5/4/20,4,1,29,0.4,NO,0.3,3,0.3,N/A,N/A,35,yes,N/A,1283.333,N/A,1284.333
5,5/5/20,5,1,29,0.4,NO,0.3,2,0.3,N/A,N/A,30,yes,N/A,766.667,N/A,767.667
5,5/6/20,6,1,29,0.4,NO,0.3,2,0.3,N/A,N/A,49,yes,N/A,1252.222,N/A,1253.222
5,5/7/20,7,1,29,0.4,NO,0.3,1,0.3,N/A,N/A,50,yes,N/A,722.222,N/A,723.222
5,5/9/20,9,1,29,0.4,NO,0.3,0,0.3,N/A,N/A,69,no,N/A,230.000,N/A,231.000
5,5/10/20,10,1,29,0.4,NO,0.3,2,0.3,N/A,N/A,11,yes,N/A,281.111,N/A,282.111
5,5/11/20,11,1,29,0.4,NO,0.3,0,0.3,N/A,N/A,13,no,N/A,43.333,N/A,44.333
5,5/12/20,12,1,29,0.4,NO,0.3,0,0.3,N/A,N/A,0,no,N/A,0.000,N/A,1.000
5,5/13/20,13,1,29,0.4,NO,0.3,0,0.3,N/A,N/A,0,no,N/A,0.000,N/A,1.000
5,5/14/20,14,1,29,0.4,NO,0.3,0,0.3,N/A,N/A,0,no,N/A,0.000,N/A,1.000
5,5/19/20,19,1,29,0.4,NO,0.3,0,0.3,N/A,N/A,0,no,N/A,0.000,N/A,1.000
6,5/2/20,2,1,29,0.4,NO,0.3,3,0.3,N/A,N/A,47,yes,N/A,1723.333,N/A,1724.333
6,5/4/20,4,1,29,0.4,NO,0.3,3,0.3,N/A,N/A,15,yes,N/A,550.000,N/A,551.000
6,5/5/20,5,1,29,0.4,NO,0.3,1,0.3,N/A,N/A,33,yes,N/A,476.667,N/A,477.667
6,5/6/20,6,1,29,0.4,NO,0.3,0,0.3,N/A,N/A,2,no,N/A,6.667,N/A,7.667
6,5/7/20,7,1,29,0.4,NO,0.3,0,0.3,N/A,N/A,0,no,N/A,0.000,N/A,1.000
6,5/9/20,9,1,29,0.4,NO,0.3,0,0.3,N/A,N/A,1,no,N/A,3.333,N/A,4.333
6,5/10/20,10,1,29,0.4,NO,0.3,0,0.3,N/A,N/A,0,no,N/A,0.000,N/A,1.000
6,5/11/20,11,1,29,0.4,NO,0.3,0,0.3,N/A,N/A,0,no,N/A,0.000,N/A,1.000
6,5/12/20,12,1,29,0.4,NO,0.3,0,0.3,N/A,N/A,0,no,N/A,0.000,N/A,1.000
6,5/13/20,13,1,29,0.4,NO,0.3,0,0.3,N/A,N/A,0,no,N/A,0.000,N/A,1.000
6,5/14/20,14,1,29,0.4,NO,0.3,0,0.3,N/A,N/A,0,no,N/A,0.000,N/A,1.000
6,5/19/20,19,1,29,0.4,NO,0.3,0,0.3,N/A,N/A,0,no,N/A,0.000,N/A,1.000
7,5/2/20,2,1,29,0.4,NO,0.3,3,0.3,N/A,N/A,72,yes,N/A,2640.000,N/A,2641.000
7,5/4/20,4,1,29,0.4,NO,0.3,2,0.3,N/A,N/A,49,yes,N/A,1252.222,N/A,1253.222
7,5/5/20,5,1,29,0.4,NO,0.3,2,0.3,N/A,N/A,43,yes,N/A,1098.889,N/A,1099.889
7,5/6/20,6,1,29,0.4,NO,0.3,1,0.3,N/A,N/A,43,yes,N/A,621.111,N/A,622.111
7,5/7/20,7,1,29,0.4,NO,0.3,0,0.3,N/A,N/A,8,no,N/A,26.667,N/A,27.667
7,5/9/20,9,1,29,0.4,NO,0.3,0,0.3,N/A,N/A,0,no,N/A,0.000,N/A,1.000
7,5/10/20,10,1,29,0.4,NO,0.3,0,0.3,N/A,N/A,0,no,N/A,0.000,N/A,1.000
7,5/11/20,11,1,29,0.4,NO,0.3,0,0.3,N/A,N/A,0,no,N/A,0.000,N/A,1.000
7,5/12/20,12,1,29,0.4,NO,0.3,0,0.3,N/A,N/A,0,no,N/A,0.000,N/A,1.000
7,5/13/20,13,1,29,0.4,NO,0.3,0,0.3,N/A,N/A,0,no,N/A,0.000,N/A,1.000
7,5/14/20,14,1,29,0.4,NO,0.3,0,0.3,N/A,N/A,0,no,N/A,0.000,N/A,1.000
7,5/19/20,19,1,29,0.4,NO,0.3,0,0.3,N/A,N/A,0,no,N/A,0.000,N/A,1.000
8,5/2/20,2,1,29,0.4,NO,0.3,3,0.3,N/A,N/A,59,yes,N/A,2163.333,N/A,2164.333
8,5/4/20,4,1,29,0.4,NO,0.3,2,0.3,N/A,N/A,34,yes,N/A,868.889,N/A,869.889
8,5/5/20,5,1,29,0.4,NO,0.3,2,0.3,N/A,N/A,50,yes,N/A,1277.778,N/A,1278.778
8,5/6/20,6,1,29,0.4,NO,0.3,2,0.3,N/A,N/A,60,yes,N/A,1533.333,N/A,1534.333
8,5/7/20,7,1,29,0.4,NO,0.3,1,0.3,N/A,N/A,49,yes,N/A,707.778,N/A,708.778
8,5/9/20,9,1,29,0.4,NO,0.3,0,0.3,N/A,N/A,7,no,N/A,23.333,N/A,24.333
8,5/10/20,10,1,29,0.4,NO,0.3,0,0.3,N/A,N/A,0,no,N/A,0.000,N/A,1.000
8,5/11/20,11,1,29,0.4,NO,0.3,0,0.3,N/A,N/A,0,no,N/A,0.000,N/A,1.000
8,5/12/20,12,1,29,0.4,NO,0.3,0,0.3,N/A,N/A,0,no,N/A,0.000,N/A,1.000
8,5/13/20,13,1,29,0.4,NO,0.3,0,0.3,N/A,N/A,0,no,N/A,0.000,N/A,1.000
8,5/14/20,14,1,29,0.4,NO,0.3,0,0.3,N/A,N/A,0,no,N/A,0.000,N/A,1.000
8,5/19/20,19,1,29,0.4,NO,0.3,0,0.3,N/A,N/A,0,no,N/A,0.000,N/A,1.000
9,5/2/20,2,1,29,0.15,YES,0.3,3,0.3,0,NO,33,yes,0.000,1210.000,1.000,1211.000
9,5/4/20,4,1,29,0.15,YES,0.3,2,0.3,2,NO,31,yes,6.667,792.222,7.667,793.222
9,5/5/20,5,1,29,0.15,YES,0.3,1,0.3,2,NO,22,yes,6.667,317.778,7.667,318.778
9,5/6/20,6,1,29,0.15,YES,0.3,0,0.3,1,NO,35,no,3.333,116.667,4.333,117.667
9,5/7/20,7,1,29,0.15,YES,0.3,0,0.3,3,NO,7,no,10.000,23.333,11.000,24.333
9,5/9/20,9,1,29,0.15,YES,0.3,0,0.3,0,NO,0,no,0.000,0.000,1.000,1.000
9,5/10/20,10,1,29,0.15,YES,0.3,0,0.3,0,NO,0,no,0.000,0.000,1.000,1.000
9,5/11/20,11,1,29,0.15,YES,0.3,0,0.3,0,NO,0,no,0.000,0.000,1.000,1.000
9,5/12/20,12,1,29,0.15,YES,0.3,0,0.3,0,NO,0,no,0.000,0.000,1.000,1.000
9,5/13/20,13,1,29,0.15,YES,0.3,0,0.3,0,NO,0,no,0.000,0.000,1.000,1.000
9,5/14/20,14,1,29,0.15,YES,0.3,0,0.3,0,NO,0,no,0.000,0.000,1.000,1.000
9,5/19/20,19,1,29,0.15,YES,0.3,2,0.3,0,NO,17,yes,0.000,434.444,1.000,435.444
10,5/2/20,2,1,29,0.15,YES,0.3,3,0.3,0,NO,23,yes,0.000,843.333,1.000,844.333
10,5/4/20,4,1,29,0.15,YES,0.3,0,0.3,0,NO,28,no,0.000,93.333,1.000,94.333
10,5/5/20,5,1,29,0.15,YES,0.3,0,0.3,0,NO,12,no,0.000,40.000,1.000,41.000
10,5/6/20,6,1,29,0.15,YES,0.3,0,0.3,0,NO,4,no,0.000,13.333,1.000,14.333
10,5/7/20,7,1,29,0.15,YES,0.3,0,0.3,0,NO,0,no,0.000,0.000,1.000,1.000
10,5/9/20,9,1,29,0.15,YES,0.3,0,0.3,0,NO,0,no,0.000,0.000,1.000,1.000
10,5/10/20,10,1,29,0.15,YES,0.3,0,0.3,0,NO,0,no,0.000,0.000,1.000,1.000
10,5/11/20,11,1,29,0.15,YES,0.3,0,0.3,0,NO,0,no,0.000,0.000,1.000,1.000
10,5/12/20,12,1,29,0.15,YES,0.3,0,0.3,0,NO,0,no,0.000,0.000,1.000,1.000
10,5/13/20,13,1,29,0.15,YES,0.3,0,0.3,0,NO,0,no,0.000,0.000,1.000,1.000
10,5/14/20,14,1,29,0.15,YES,0.3,0,0.3,0,NO,0,no,0.000,0.000,1.000,1.000
10,5/19/20,19,1,29,0.15,YES,0.3,0,0.3,0,NO,0,no,0.000,0.000,1.000,1.000
11,5/2/20,2,1,29,0.15,YES,0.3,3,0.3,1,NO,31,yes,3.333,1136.667,4.333,1137.667
11,5/4/20,4,1,29,0.15,YES,0.3,0,0.3,0,NO,3,no,0.000,10.000,1.000,11.000
11,5/5/20,5,1,29,0.15,YES,0.3,0,0.3,0,NO,0,no,0.000,0.000,1.000,1.000
11,5/6/20,6,1,29,0.15,YES,0.3,0,0.3,0,NO,0,no,0.000,0.000,1.000,1.000
11,5/7/20,7,1,29,0.15,YES,0.3,0,0.3,0,NO,0,no,0.000,0.000,1.000,1.000
11,5/9/20,9,1,29,0.15,YES,0.3,0,0.3,0,NO,0,no,0.000,0.000,1.000,1.000
11,5/10/20,10,1,29,0.15,YES,0.3,0,0.3,0,NO,0,no,0.000,0.000,1.000,1.000
11,5/11/20,11,1,29,0.15,YES,0.3,0,0.3,0,NO,0,no,0.000,0.000,1.000,1.000
11,5/12/20,12,1,29,0.15,YES,0.3,0,0.3,0,NO,0,no,0.000,0.000,1.000,1.000
11,5/13/20,13,1,29,0.15,YES,0.3,0,0.3,0,NO,0,no,0.000,0.000,1.000,1.000
11,5/14/20,14,1,29,0.15,YES,0.3,0,0.3,0,NO,0,no,0.000,0.000,1.000,1.000
11,5/19/20,19,1,29,0.15,YES,0.3,0,0.3,0,NO,0,no,0.000,0.000,1.000,1.000
12,5/2/20,2,1,29,0.15,YES,0.3,3,0.3,0,NO,26,yes,0.000,953.333,1.000,954.333
12,5/4/20,4,1,29,0.15,YES,0.3,2,0.3,3,NO,17,yes,10.000,434.444,11.000,435.444
12,5/5/20,5,1,29,0.15,YES,0.3,1,0.3,2,NO,21,yes,6.667,303.333,7.667,304.333
12,5/6/20,6,1,29,0.15,YES,0.3,0,0.3,1,NO,70,no,3.333,233.333,4.333,234.333
12,5/7/20,7,1,29,0.15,YES,0.3,0,0.3,1,NO,29,no,3.333,96.667,4.333,97.667
12,5/9/20,9,1,29,0.15,YES,0.3,0,0.3,0,NO,0,no,0.000,0.000,1.000,1.000
12,5/10/20,10,1,29,0.15,YES,0.3,0,0.3,0,NO,0,no,0.000,0.000,1.000,1.000
12,5/11/20,11,1,29,0.15,YES,0.3,0,0.3,0,NO,0,no,0.000,0.000,1.000,1.000
12,5/12/20,12,1,29,0.15,YES,0.3,0,0.3,0,NO,0,no,0.000,0.000,1.000,1.000
12,5/13/20,13,1,29,0.15,YES,0.3,0,0.3,0,NO,0,no,0.000,0.000,1.000,1.000
12,5/14/20,14,1,29,0.15,YES,0.3,0,0.3,0,NO,0,no,0.000,0.000,1.000,1.000
12,5/19/20,19,1,29,0.15,YES,0.3,0,0.3,0,NO,12,no,0.000,40.000,1.000,41.000
13,5/2/20,2,1,29,0.4,YES,0.3,5,0.3,2,NO,26,yes,6.667,1531.111,7.667,1532.111
13,5/4/20,4,1,29,0.4,YES,0.3,5,0.3,1,NO,19,yes,3.333,1118.889,4.333,1119.889
13,5/5/20,5,1,29,0.4,YES,0.3,1,0.3,1,NO,59,yes,3.333,852.222,4.333,853.222
13,5/6/20,6,1,29,0.4,YES,0.3,2,0.3,1,NO,23,yes,3.333,587.778,4.333,588.778
13,5/7/20,7,1,29,0.4,YES,0.3,0,0.3,1,NO,35,no,3.333,116.667,4.333,117.667
13,5/9/20,9,1,29,0.4,YES,0.3,0,0.3,0,NO,1,no,0.000,3.333,1.000,4.333
13,5/10/20,10,1,29,0.4,YES,0.3,0,0.3,0,NO,7,no,0.000,23.333,1.000,24.333
13,5/11/20,11,1,29,0.4,YES,0.3,0,0.3,0,NO,22,no,0.000,73.333,1.000,74.333
13,5/12/20,12,1,29,0.4,YES,0.3,0,0.3,0,NO,38,no,0.000,126.667,1.000,127.667
13,5/13/20,13,1,29,0.4,YES,0.3,0,0.3,0,NO,65,no,0.000,216.667,1.000,217.667
13,5/14/20,14,1,29,0.4,YES,0.3,2,0.3,0,NO,12,yes,0.000,306.667,1.000,307.667
13,5/19/20,19,1,29,0.4,YES,0.3,0,0.3,0,NO,4,no,0.000,13.333,1.000,14.333
14,5/2/20,2,1,29,0.4,YES,0.3,5,0.3,0,NO,58,yes,0.000,3415.556,1.000,3416.556
14,5/4/20,4,1,29,0.4,YES,0.3,2,0.3,2,NO,19,yes,6.667,485.556,7.667,486.556
14,5/5/20,5,1,29,0.4,YES,0.3,0,0.3,0,NO,38,no,0.000,126.667,1.000,127.667
14,5/6/20,6,1,29,0.4,YES,0.3,0,0.3,0,NO,6,no,0.000,20.000,1.000,21.000
14,5/7/20,7,1,29,0.4,YES,0.3,0,0.3,0,NO,0,no,0.000,0.000,1.000,1.000
14,5/9/20,9,1,29,0.4,YES,0.3,0,0.3,0,NO,0,no,0.000,0.000,1.000,1.000
14,5/10/20,10,1,29,0.4,YES,0.3,0,0.3,0,NO,0,no,0.000,0.000,1.000,1.000
14,5/11/20,11,1,29,0.4,YES,0.3,0,0.3,0,NO,0,no,0.000,0.000,1.000,1.000
14,5/12/20,12,1,29,0.4,YES,0.3,0,0.3,0,NO,0,no,0.000,0.000,1.000,1.000
14,5/13/20,13,1,29,0.4,YES,0.3,0,0.3,0,NO,0,no,0.000,0.000,1.000,1.000
14,5/14/20,14,1,29,0.4,YES,0.3,0,0.3,0,NO,0,no,0.000,0.000,1.000,1.000
14,5/19/20,19,1,29,0.4,YES,0.3,0,0.3,0,NO,0,no,0.000,0.000,1.000,1.000
15,5/2/20,2,1,29,0.4,YES,0.3,5,0.3,1,NO,55,yes,3.333,3238.889,4.333,3239.889
15,5/4/20,4,1,29,0.4,YES,0.3,2,0.3,0,NO,22,yes,0.000,562.222,1.000,563.222
15,5/5/20,5,1,29,0.4,YES,0.3,0,0.3,1,NO,32,no,3.333,106.667,4.333,107.667
15,5/6/20,6,1,29,0.4,YES,0.3,0,0.3,0,NO,2,no,0.000,6.667,1.000,7.667
15,5/7/20,7,1,29,0.4,YES,0.3,0,0.3,0,NO,0,no,0.000,0.000,1.000,1.000
15,5/9/20,9,1,29,0.4,YES,0.3,0,0.3,0,NO,0,no,0.000,0.000,1.000,1.000
15,5/10/20,10,1,29,0.4,YES,0.3,0,0.3,0,NO,0,no,0.000,0.000,1.000,1.000
15,5/11/20,11,1,29,0.4,YES,0.3,0,0.3,0,NO,0,no,0.000,0.000,1.000,1.000
15,5/12/20,12,1,29,0.4,YES,0.3,0,0.3,0,NO,0,no,0.000,0.000,1.000,1.000
15,5/13/20,13,1,29,0.4,YES,0.3,0,0.3,0,NO,0,no,0.000,0.000,1.000,1.000
15,5/14/20,14,1,29,0.4,YES,0.3,0,0.3,0,NO,0,no,0.000,0.000,1.000,1.000
15,5/19/20,19,1,29,0.4,YES,0.3,0,0.3,0,NO,0,no,0.000,0.000,1.000,1.000
16,5/2/20,2,1,29,0.4,YES,0.3,5,0.3,1,NO,44,yes,3.333,2591.111,4.333,2592.111
16,5/4/20,4,1,29,0.4,YES,0.3,2,0.3,1,NO,58,yes,3.333,1482.222,4.333,1483.222
16,5/5/20,5,1,29,0.4,YES,0.3,1,0.3,1,NO,41,yes,3.333,592.222,4.333,593.222
16,5/6/20,6,1,29,0.4,YES,0.3,0,0.3,0,NO,31,no,0.000,103.333,1.000,104.333
16,5/7/20,7,1,29,0.4,YES,0.3,0,0.3,0,NO,13,no,0.000,43.333,1.000,44.333
16,5/9/20,9,1,29,0.4,YES,0.3,2,0.3,0,NO,20,yes,0.000,511.111,1.000,512.111
16,5/10/20,10,1,29,0.4,YES,0.3,3,0.3,0,NO,57,yes,0.000,2090.000,1.000,2091.000
16,5/11/20,11,1,29,0.4,YES,0.3,5,0.3,0,NO,51,yes,0.000,3003.333,1.000,3004.333
16,5/12/20,12,1,29,0.4,YES,0.3,6,0.3,0,NO,39,yes,0.000,2730.000,1.000,2731.000
16,5/13/20,13,1,29,0.4,YES,0.3,7,0.3,0,NO,34,yes,0.000,2757.778,1.000,2758.778
16,5/14/20,14,1,29,0.4,YES,0.3,7,0.3,0,NO,37,yes,0.000,3001.111,1.000,3002.111
16,5/19/20,19,1,29,0.4,YES,0.3,0,0.3,0,NO,0,no,0.000,0.000,1.000,1.000
17,5/2/20,2,2,27,0.15,NO,0.3,3,0.3,N/A,N/A,29,yes,N/A,1063.333,N/A,1064.333
17,5/4/20,4,2,27,0.15,NO,0.3,3,0.3,N/A,N/A,38,yes,N/A,1393.333,N/A,1394.333
17,5/5/20,5,2,27,0.15,NO,0.3,3,0.3,N/A,N/A,23,yes,N/A,843.333,N/A,844.333
17,5/6/20,6,2,27,0.15,NO,0.3,2,0.3,N/A,N/A,46,no,N/A,153.333,N/A,154.333
17,5/7/20,7,2,27,0.15,NO,0.3,3,0.3,N/A,N/A,26,yes,N/A,953.333,N/A,954.333
17,5/9/20,9,2,27,0.15,NO,0.3,3,0.3,N/A,N/A,32,yes,N/A,1173.333,N/A,1174.333
17,5/10/20,10,2,27,0.15,NO,0.3,3,0.3,N/A,N/A,22,yes,N/A,806.667,N/A,807.667
17,5/11/20,11,2,27,0.15,NO,0.3,3,0.3,N/A,N/A,21,yes,N/A,770.000,N/A,771.000
17,5/12/20,12,2,27,0.15,NO,0.3,3,0.3,N/A,N/A,19,yes,N/A,696.667,N/A,697.667
17,5/13/20,13,2,27,0.15,NO,0.3,3,0.3,N/A,N/A,18,yes,N/A,660.000,N/A,661.000
17,5/14/20,14,2,27,0.15,NO,0.3,2,0.3,N/A,N/A,25,yes,N/A,638.889,N/A,639.889
17,5/19/20,19,2,27,0.15,NO,0.3,2,0.3,N/A,N/A,21,yes,N/A,536.667,N/A,537.667
18,5/2/20,2,2,27,0.15,NO,0.3,3,0.3,N/A,N/A,47,yes,N/A,1723.333,N/A,1724.333
18,5/4/20,4,2,27,0.15,NO,0.3,3,0.3,N/A,N/A,25,yes,N/A,916.667,N/A,917.667
18,5/5/20,5,2,27,0.15,NO,0.3,2,0.3,N/A,N/A,36,yes,N/A,920.000,N/A,921.000
18,5/6/20,6,2,27,0.15,NO,0.3,2,0.3,N/A,N/A,44,no,N/A,146.667,N/A,147.667
18,5/7/20,7,2,27,0.15,NO,0.3,3,0.3,N/A,N/A,34,yes,N/A,1246.667,N/A,1247.667
18,5/9/20,9,2,27,0.15,NO,0.3,3,0.3,N/A,N/A,28,yes,N/A,1026.667,N/A,1027.667
18,5/10/20,10,2,27,0.15,NO,0.3,3,0.3,N/A,N/A,24,yes,N/A,880.000,N/A,881.000
18,5/11/20,11,2,27,0.15,NO,0.3,3,0.3,N/A,N/A,29,yes,N/A,1063.333,N/A,1064.333
18,5/12/20,12,2,27,0.15,NO,0.3,3,0.3,N/A,N/A,17,yes,N/A,623.333,N/A,624.333
18,5/13/20,13,2,27,0.15,NO,0.3,3,0.3,N/A,N/A,22,yes,N/A,806.667,N/A,807.667
18,5/14/20,14,2,27,0.15,NO,0.3,2,0.3,N/A,N/A,27,yes,N/A,690.000,N/A,691.000
18,5/19/20,19,2,27,0.15,NO,0.3,2,0.3,N/A,N/A,41,yes,N/A,1047.778,N/A,1048.778
19,5/2/20,2,2,27,0.15,NO,0.3,3,0.3,N/A,N/A,33,yes,N/A,1210.000,N/A,1211.000
19,5/4/20,4,2,27,0.15,NO,0.3,3,0.3,N/A,N/A,39,yes,N/A,1430.000,N/A,1431.000
19,5/5/20,5,2,27,0.15,NO,0.3,3,0.3,N/A,N/A,35,yes,N/A,1283.333,N/A,1284.333
19,5/6/20,6,2,27,0.15,NO,0.3,2,0.3,N/A,N/A,53,no,N/A,176.667,N/A,177.667
19,5/7/20,7,2,27,0.15,NO,0.3,3,0.3,N/A,N/A,52,yes,N/A,1906.667,N/A,1907.667
19,5/9/20,9,2,27,0.15,NO,0.3,3,0.3,N/A,N/A,29,yes,N/A,1063.333,N/A,1064.333
19,5/10/20,10,2,27,0.15,NO,0.3,3,0.3,N/A,N/A,33,yes,N/A,1210.000,N/A,1211.000
19,5/11/20,11,2,27,0.15,NO,0.3,3,0.3,N/A,N/A,26,yes,N/A,953.333,N/A,954.333
19,5/12/20,12,2,27,0.15,NO,0.3,3,0.3,N/A,N/A,34,yes,N/A,1246.667,N/A,1247.667
19,5/13/20,13,2,27,0.15,NO,0.3,3,0.3,N/A,N/A,32,yes,N/A,1173.333,N/A,1174.333
19,5/14/20,14,2,27,0.15,NO,0.3,2,0.3,N/A,N/A,42,yes,N/A,1073.333,N/A,1074.333
19,5/19/20,19,2,27,0.15,NO,0.3,2,0.3,N/A,N/A,36,yes,N/A,920.000,N/A,921.000
20,5/2/20,2,2,27,0.15,NO,0.3,3,0.3,N/A,N/A,28,yes,N/A,1026.667,N/A,1027.667
20,5/4/20,4,2,27,0.15,NO,0.3,3,0.3,N/A,N/A,25,yes,N/A,916.667,N/A,917.667
20,5/5/20,5,2,27,0.15,NO,0.3,2,0.3,N/A,N/A,36,yes,N/A,920.000,N/A,921.000
20,5/6/20,6,2,27,0.15,NO,0.3,2,0.3,N/A,N/A,35,no,N/A,116.667,N/A,117.667
20,5/7/20,7,2,27,0.15,NO,0.3,3,0.3,N/A,N/A,27,yes,N/A,990.000,N/A,991.000
20,5/9/20,9,2,27,0.15,NO,0.3,3,0.3,N/A,N/A,33,yes,N/A,1210.000,N/A,1211.000
20,5/10/20,10,2,27,0.15,NO,0.3,3,0.3,N/A,N/A,34,yes,N/A,1246.667,N/A,1247.667
20,5/11/20,11,2,27,0.15,NO,0.3,3,0.3,N/A,N/A,27,yes,N/A,990.000,N/A,991.000
20,5/12/20,12,2,27,0.15,NO,0.3,3,0.3,N/A,N/A,22,yes,N/A,806.667,N/A,807.667
20,5/13/20,13,2,27,0.15,NO,0.3,3,0.3,N/A,N/A,25,yes,N/A,916.667,N/A,917.667
20,5/14/20,14,2,27,0.15,NO,0.3,2,0.3,N/A,N/A,34,yes,N/A,868.889,N/A,869.889
20,5/19/20,19,2,27,0.15,NO,0.3,2,0.3,N/A,N/A,26,yes,N/A,664.444,N/A,665.444
21,5/2/20,2,2,27,0.4,NO,0.3,5,0.3,N/A,N/A,29,yes,N/A,1707.778,N/A,1708.778
21,5/4/20,4,2,27,0.4,NO,0.3,5,0.3,N/A,N/A,25,yes,N/A,1472.222,N/A,1473.222
21,5/5/20,5,2,27,0.4,NO,0.3,4,0.3,N/A,N/A,37,yes,N/A,1767.778,N/A,1768.778
21,5/6/20,6,2,27,0.4,NO,0.3,5,0.3,N/A,N/A,23,no,N/A,76.667,N/A,77.667
21,5/7/20,7,2,27,0.4,NO,0.3,5,0.3,N/A,N/A,44,yes,N/A,2591.111,N/A,2592.111
21,5/9/20,9,2,27,0.4,NO,0.3,5,0.3,N/A,N/A,27,yes,N/A,1590.000,N/A,1591.000
21,5/10/20,10,2,27,0.4,NO,0.3,5,0.3,N/A,N/A,19,yes,N/A,1118.889,N/A,1119.889
21,5/11/20,11,2,27,0.4,NO,0.3,5,0.3,N/A,N/A,29,yes,N/A,1707.778,N/A,1708.778
21,5/12/20,12,2,27,0.4,NO,0.3,5,0.3,N/A,N/A,21,yes,N/A,1236.667,N/A,1237.667
21,5/13/20,13,2,27,0.4,NO,0.3,5,0.3,N/A,N/A,16,yes,N/A,942.222,N/A,943.222
21,5/14/20,14,2,27,0.4,NO,0.3,4,0.3,N/A,N/A,14,yes,N/A,668.889,N/A,669.889
21,5/19/20,19,2,27,0.4,NO,0.3,3,0.3,N/A,N/A,33,yes,N/A,1210.000,N/A,1211.000
22,5/2/20,2,2,27,0.4,NO,0.3,5,0.3,N/A,N/A,27,yes,N/A,1590.000,N/A,1591.000
22,5/4/20,4,2,27,0.4,NO,0.3,5,0.3,N/A,N/A,38,yes,N/A,2237.778,N/A,2238.778
22,5/5/20,5,2,27,0.4,NO,0.3,4,0.3,N/A,N/A,51,yes,N/A,2436.667,N/A,2437.667
22,5/6/20,6,2,27,0.4,NO,0.3,5,0.3,N/A,N/A,45,no,N/A,150.000,N/A,151.000
22,5/7/20,7,2,27,0.4,NO,0.3,5,0.3,N/A,N/A,39,yes,N/A,2296.667,N/A,2297.667
22,5/9/20,9,2,27,0.4,NO,0.3,5,0.3,N/A,N/A,36,yes,N/A,2120.000,N/A,2121.000
22,5/10/20,10,2,27,0.4,NO,0.3,5,0.3,N/A,N/A,36,yes,N/A,2120.000,N/A,2121.000
22,5/11/20,11,2,27,0.4,NO,0.3,5,0.3,N/A,N/A,22,yes,N/A,1295.556,N/A,1296.556
22,5/12/20,12,2,27,0.4,NO,0.3,5,0.3,N/A,N/A,27,yes,N/A,1590.000,N/A,1591.000
22,5/13/20,13,2,27,0.4,NO,0.3,5,0.3,N/A,N/A,17,yes,N/A,1001.111,N/A,1002.111
22,5/14/20,14,2,27,0.4,NO,0.3,4,0.3,N/A,N/A,29,yes,N/A,1385.556,N/A,1386.556
22,5/19/20,19,2,27,0.4,NO,0.3,3,0.3,N/A,N/A,16,yes,N/A,586.667,N/A,587.667
23,5/2/20,2,2,27,0.4,NO,0.3,5,0.3,N/A,N/A,48,yes,N/A,2826.667,N/A,2827.667
23,5/4/20,4,2,27,0.4,NO,0.3,5,0.3,N/A,N/A,42,yes,N/A,2473.333,N/A,2474.333
23,5/5/20,5,2,27,0.4,NO,0.3,4,0.3,N/A,N/A,45,yes,N/A,2150.000,N/A,2151.000
23,5/6/20,6,2,27,0.4,NO,0.3,5,0.3,N/A,N/A,44,no,N/A,146.667,N/A,147.667
23,5/7/20,7,2,27,0.4,NO,0.3,5,0.3,N/A,N/A,61,yes,N/A,3592.222,N/A,3593.222
23,5/9/20,9,2,27,0.4,NO,0.3,5,0.3,N/A,N/A,49,yes,N/A,2885.556,N/A,2886.556
23,5/10/20,10,2,27,0.4,NO,0.3,5,0.3,N/A,N/A,31,yes,N/A,1825.556,N/A,1826.556
23,5/11/20,11,2,27,0.4,NO,0.3,5,0.3,N/A,N/A,23,yes,N/A,1354.444,N/A,1355.444
23,5/12/20,12,2,27,0.4,NO,0.3,5,0.3,N/A,N/A,25,yes,N/A,1472.222,N/A,1473.222
23,5/13/20,13,2,27,0.4,NO,0.3,5,0.3,N/A,N/A,20,yes,N/A,1177.778,N/A,1178.778
23,5/14/20,14,2,27,0.4,NO,0.3,4,0.3,N/A,N/A,30,yes,N/A,1433.333,N/A,1434.333
23,5/19/20,19,2,27,0.4,NO,0.3,3,0.3,N/A,N/A,30,yes,N/A,1100.000,N/A,1101.000
24,5/2/20,2,2,27,0.4,NO,0.3,5,0.3,N/A,N/A,23,yes,N/A,1354.444,N/A,1355.444
24,5/4/20,4,2,27,0.4,NO,0.3,5,0.3,N/A,N/A,33,yes,N/A,1943.333,N/A,1944.333
24,5/5/20,5,2,27,0.4,NO,0.3,4,0.3,N/A,N/A,44,yes,N/A,2102.222,N/A,2103.222
24,5/6/20,6,2,27,0.4,NO,0.3,5,0.3,N/A,N/A,39,no,N/A,130.000,N/A,131.000
24,5/7/20,7,2,27,0.4,NO,0.3,5,0.3,N/A,N/A,23,yes,N/A,1354.444,N/A,1355.444
24,5/9/20,9,2,27,0.4,NO,0.3,5,0.3,N/A,N/A,37,yes,N/A,2178.889,N/A,2179.889
24,5/10/20,10,2,27,0.4,NO,0.3,5,0.3,N/A,N/A,35,yes,N/A,2061.111,N/A,2062.111
24,5/11/20,11,2,27,0.4,NO,0.3,5,0.3,N/A,N/A,28,yes,N/A,1648.889,N/A,1649.889
24,5/12/20,12,2,27,0.4,NO,0.3,5,0.3,N/A,N/A,27,yes,N/A,1590.000,N/A,1591.000
24,5/13/20,13,2,27,0.4,NO,0.3,5,0.3,N/A,N/A,18,yes,N/A,1060.000,N/A,1061.000
24,5/14/20,14,2,27,0.4,NO,0.3,4,0.3,N/A,N/A,21,yes,N/A,1003.333,N/A,1004.333
24,5/19/20,19,2,27,0.4,NO,0.3,3,0.3,N/A,N/A,45,yes,N/A,1650.000,N/A,1651.000
25,5/2/20,2,2,27,0.15,YES,0.3,2,0.3,2,NO,21,yes,6.667,536.667,7.667,537.667
25,5/4/20,4,2,27,0.15,YES,0.3,0,0.3,4,NO,0,no,13.333,0.000,14.333,1.000
25,5/5/20,5,2,27,0.15,YES,0.3,0,0.3,6,NO,0,no,20.000,0.000,21.000,1.000
25,5/6/20,6,2,27,0.15,YES,0.3,0,0.3,9,NO,0,no,30.000,0.000,31.000,1.000
25,5/7/20,7,2,27,0.15,YES,0.3,0,0.3,6,NO,1,no,20.000,3.333,21.000,4.333
25,5/9/20,9,2,27,0.15,YES,0.3,0,0.3,4,NO,0,no,13.333,0.000,14.333,1.000
25,5/10/20,10,2,27,0.15,YES,0.3,0,0.3,5,NO,0,no,16.667,0.000,17.667,1.000
25,5/11/20,11,2,27,0.15,YES,0.3,0,0.3,7,NO,0,no,23.333,0.000,24.333,1.000
25,5/12/20,12,2,27,0.15,YES,0.3,0,0.3,8,NO,0,no,26.667,0.000,27.667,1.000
25,5/13/20,13,2,27,0.15,YES,0.3,0,0.3,5,NO,0,no,16.667,0.000,17.667,1.000
25,5/14/20,14,2,27,0.15,YES,0.3,0,0.3,8,NO,0,no,26.667,0.000,27.667,1.000
25,5/19/20,19,2,27,0.15,YES,0.3,0,0.3,11,NO,61,no,36.667,203.333,37.667,204.333
26,5/2/20,2,2,27,0.15,YES,0.3,3,0.3,1,NO,18,yes,3.333,660.000,4.333,661.000
26,5/4/20,4,2,27,0.15,YES,0.3,0,0.3,9,NO,2,no,30.000,6.667,31.000,7.667
26,5/5/20,5,2,27,0.15,YES,0.3,0,0.3,6,NO,0,no,20.000,0.000,21.000,1.000
26,5/6/20,6,2,27,0.15,YES,0.3,0,0.3,5,NO,0,no,16.667,0.000,17.667,1.000
26,5/7/20,7,2,27,0.15,YES,0.3,0,0.3,6,NO,0,no,20.000,0.000,21.000,1.000
26,5/9/20,9,2,27,0.15,YES,0.3,0,0.3,6,NO,0,no,20.000,0.000,21.000,1.000
26,5/10/20,10,2,27,0.15,YES,0.3,0,0.3,6,NO,1,no,20.000,3.333,21.000,4.333
26,5/11/20,11,2,27,0.15,YES,0.3,0,0.3,4,NO,0,no,13.333,0.000,14.333,1.000
26,5/12/20,12,2,27,0.15,YES,0.3,0,0.3,5,NO,0,no,16.667,0.000,17.667,1.000
26,5/13/20,13,2,27,0.15,YES,0.3,0,0.3,6,NO,1,no,20.000,3.333,21.000,4.333
26,5/14/20,14,2,27,0.15,YES,0.3,0,0.3,1,NO,17,no,3.333,56.667,4.333,57.667
26,5/19/20,19,2,27,0.15,YES,0.3,0,0.3,4,NO,1,no,13.333,3.333,14.333,4.333
27,5/2/20,2,2,27,0.15,YES,0.3,2,0.3,0,NO,24,yes,0.000,613.333,1.000,614.333
27,5/4/20,4,2,27,0.15,YES,0.3,0,0.3,7,NO,1,no,23.333,3.333,24.333,4.333
27,5/5/20,5,2,27,0.15,YES,0.3,0,0.3,5,NO,0,no,16.667,0.000,17.667,1.000
27,5/6/20,6,2,27,0.15,YES,0.3,0,0.3,6,NO,0,no,20.000,0.000,21.000,1.000
27,5/7/20,7,2,27,0.15,YES,0.3,0,0.3,4,NO,0,no,13.333,0.000,14.333,1.000
27,5/9/20,9,2,27,0.15,YES,0.3,0,0.3,4,NO,0,no,13.333,0.000,14.333,1.000
27,5/10/20,10,2,27,0.15,YES,0.3,2,0.3,6,NO,18,yes,20.000,460.000,21.000,461.000
27,5/11/20,11,2,27,0.15,YES,0.3,2,0.3,3,NO,23,yes,10.000,587.778,11.000,588.778
27,5/12/20,12,2,27,0.15,YES,0.3,0,0.3,11,NO,3,no,36.667,10.000,37.667,11.000
27,5/13/20,13,2,27,0.15,YES,0.3,0,0.3,18,NO,0,no,60.000,0.000,61.000,1.000
27,5/14/20,14,2,27,0.15,YES,0.3,0,0.3,7,NO,1,no,23.333,3.333,24.333,4.333
27,5/19/20,19,2,27,0.15,YES,0.3,0,0.3,12,NO,8,no,40.000,26.667,41.000,27.667
28,5/2/20,2,2,27,0.15,YES,0.3,2,0.3,3,NO,23,yes,10.000,587.778,11.000,588.778
28,5/4/20,4,2,27,0.15,YES,0.3,0,0.3,3,NO,10,no,10.000,33.333,11.000,34.333
28,5/5/20,5,2,27,0.15,YES,0.3,0,0.3,6,NO,0,no,20.000,0.000,21.000,1.000
28,5/6/20,6,2,27,0.15,YES,0.3,0,0.3,3,NO,0,no,10.000,0.000,11.000,1.000
28,5/7/20,7,2,27,0.15,YES,0.3,0,0.3,2,NO,0,no,6.667,0.000,7.667,1.000
28,5/9/20,9,2,27,0.15,YES,0.3,0,0.3,4,NO,0,no,13.333,0.000,14.333,1.000
28,5/10/20,10,2,27,0.15,YES,0.3,0,0.3,3,NO,1,no,10.000,3.333,11.000,4.333
28,5/11/20,11,2,27,0.15,YES,0.3,0,0.3,2,NO,0,no,6.667,0.000,7.667,1.000
28,5/12/20,12,2,27,0.15,YES,0.3,2,0.3,2,NO,11,yes,6.667,281.111,7.667,282.111
28,5/13/20,13,2,27,0.15,YES,0.3,1,0.3,2,NO,15,no,6.667,50.000,7.667,51.000
28,5/14/20,14,2,27,0.15,YES,0.3,0,0.3,2,NO,58,no,6.667,193.333,7.667,194.333
28,5/19/20,19,2,27,0.15,YES,0.3,0,0.3,8,NO,15,no,26.667,50.000,27.667,51.000
29,5/2/20,2,2,27,0.4,YES,0.3,2,0.3,1,NO,41,yes,3.333,1047.778,4.333,1048.778
29,5/4/20,4,2,27,0.4,YES,0.3,0,0.3,20,NO,0,no,66.667,0.000,67.667,1.000
29,5/5/20,5,2,27,0.4,YES,0.3,0,0.3,6,NO,0,no,20.000,0.000,21.000,1.000
29,5/6/20,6,2,27,0.4,YES,0.3,0,0.3,15,NO,0,no,50.000,0.000,51.000,1.000
29,5/7/20,7,2,27,0.4,YES,0.3,0,0.3,16,NO,0,no,53.333,0.000,54.333,1.000
29,5/9/20,9,2,27,0.4,YES,0.3,0,0.3,12,NO,2,no,40.000,6.667,41.000,7.667
29,5/10/20,10,2,27,0.4,YES,0.3,0,0.3,12,NO,0,no,40.000,0.000,41.000,1.000
29,5/11/20,11,2,27,0.4,YES,0.3,0,0.3,13,NO,3,no,43.333,10.000,44.333,11.000
29,5/12/20,12,2,27,0.4,YES,0.3,0,0.3,22,NO,0,no,73.333,0.000,74.333,1.000
29,5/13/20,13,2,27,0.4,YES,0.3,0,0.3,18,NO,0,no,60.000,0.000,61.000,1.000
29,5/14/20,14,2,27,0.4,YES,0.3,0,0.3,28,NO,0,no,93.333,0.000,94.333,1.000
29,5/19/20,19,2,27,0.4,YES,0.3,0,0.3,12,NO,3,no,40.000,10.000,41.000,11.000
30,5/2/20,2,2,27,0.4,YES,0.3,3,0.3,5,NO,30,yes,16.667,1100.000,17.667,1101.000
30,5/4/20,4,2,27,0.4,YES,0.3,0,0.3,22,NO,1,no,73.333,3.333,74.333,4.333
30,5/5/20,5,2,27,0.4,YES,0.3,0,0.3,15,NO,0,no,50.000,0.000,51.000,1.000
30,5/6/20,6,2,27,0.4,YES,0.3,0,0.3,16,NO,0,no,53.333,0.000,54.333,1.000
30,5/7/20,7,2,27,0.4,YES,0.3,0,0.3,19,NO,0,no,63.333,0.000,64.333,1.000
30,5/9/20,9,2,27,0.4,YES,0.3,0,0.3,23,NO,0,no,76.667,0.000,77.667,1.000
30,5/10/20,10,2,27,0.4,YES,0.3,0,0.3,13,NO,0,no,43.333,0.000,44.333,1.000
30,5/11/20,11,2,27,0.4,YES,0.3,0,0.3,19,NO,1,no,63.333,3.333,64.333,4.333
30,5/12/20,12,2,27,0.4,YES,0.3,0,0.3,17,NO,0,no,56.667,0.000,57.667,1.000
30,5/13/20,13,2,27,0.4,YES,0.3,0,0.3,19,NO,0,no,63.333,0.000,64.333,1.000
30,5/14/20,14,2,27,0.4,YES,0.3,0,0.3,16,NO,0,no,53.333,0.000,54.333,1.000
30,5/19/20,19,2,27,0.4,YES,0.3,0,0.3,4,NO,22,no,13.333,73.333,14.333,74.333
31,5/2/20,2,2,27,0.4,YES,0.3,3,0.3,5,NO,41,yes,16.667,1503.333,17.667,1504.333
31,5/4/20,4,2,27,0.4,YES,0.3,0,0.3,25,NO,0,no,83.333,0.000,84.333,1.000
31,5/5/20,5,2,27,0.4,YES,0.3,0,0.3,36,NO,0,no,120.000,0.000,121.000,1.000
31,5/6/20,6,2,27,0.4,YES,0.3,0,0.3,14,NO,0,no,46.667,0.000,47.667,1.000
31,5/7/20,7,2,27,0.4,YES,0.3,0,0.3,29,NO,0,no,96.667,0.000,97.667,1.000
31,5/9/20,9,2,27,0.4,YES,0.3,0,0.3,22,NO,0,no,73.333,0.000,74.333,1.000
31,5/10/20,10,2,27,0.4,YES,0.3,0,0.3,17,NO,0,no,56.667,0.000,57.667,1.000
31,5/11/20,11,2,27,0.4,YES,0.3,0,0.3,15,NO,0,no,50.000,0.000,51.000,1.000
31,5/12/20,12,2,27,0.4,YES,0.3,0,0.3,16,NO,0,no,53.333,0.000,54.333,1.000
31,5/13/20,13,2,27,0.4,YES,0.3,0,0.3,14,NO,0,no,46.667,0.000,47.667,1.000
31,5/14/20,14,2,27,0.4,YES,0.3,0,0.3,17,NO,0,no,56.667,0.000,57.667,1.000
31,5/19/20,19,2,27,0.4,YES,0.3,0,0.3,22,NO,0,no,73.333,0.000,74.333,1.000
32,5/2/20,2,2,27,0.4,YES,0.3,3,0.3,5,NO,31,yes,16.667,1136.667,17.667,1137.667
32,5/4/20,4,2,27,0.4,YES,0.3,0,0.3,19,NO,2,no,63.333,6.667,64.333,7.667
32,5/5/20,5,2,27,0.4,YES,0.3,0,0.3,27,NO,0,no,90.000,0.000,91.000,1.000
32,5/6/20,6,2,27,0.4,YES,0.3,0,0.3,12,NO,0,no,40.000,0.000,41.000,1.000
32,5/7/20,7,2,27,0.4,YES,0.3,0,0.3,30,NO,0,no,100.000,0.000,101.000,1.000
32,5/9/20,9,2,27,0.4,YES,0.3,0,0.3,31,NO,0,no,103.333,0.000,104.333,1.000
32,5/10/20,10,2,27,0.4,YES,0.3,0,0.3,21,NO,0,no,70.000,0.000,71.000,1.000
32,5/11/20,11,2,27,0.4,YES,0.3,0,0.3,32,NO,0,no,106.667,0.000,107.667,1.000
32,5/12/20,12,2,27,0.4,YES,0.3,0,0.3,23,NO,0,no,76.667,0.000,77.667,1.000
32,5/13/20,13,2,27,0.4,YES,0.3,0,0.3,22,NO,0,no,73.333,0.000,74.333,1.000
32,5/14/20,14,2,27,0.4,YES,0.3,0,0.3,32,NO,0,no,106.667,0.000,107.667,1.000
32,5/19/20,19,2,27,0.4,YES,0.3,0,0.3,2,NO,1,no,6.667,3.333,7.667,4.333
33,5/2/20,2,3,22,0.15,NO,0.3,3,0.3,N/A,N/A,33,yes,N/A,1210.000,N/A,1211.000
33,5/4/20,4,3,22,0.15,NO,0.3,5,0.3,N/A,N/A,24,yes,N/A,1413.333,N/A,1414.333
33,5/5/20,5,3,22,0.15,NO,0.3,3,0.3,N/A,N/A,50,yes,N/A,1833.333,N/A,1834.333
33,5/6/20,6,3,22,0.15,NO,0.3,4,0.3,N/A,N/A,29,yes,N/A,1385.556,N/A,1386.556
33,5/7/20,7,3,22,0.15,NO,0.3,4,0.3,N/A,N/A,34,yes,N/A,1624.444,N/A,1625.444
33,5/9/20,9,3,22,0.15,NO,0.3,5,0.3,N/A,N/A,31,yes,N/A,1825.556,N/A,1826.556
33,5/10/20,10,3,22,0.15,NO,0.3,5,0.3,N/A,N/A,26,yes,N/A,1531.111,N/A,1532.111
33,5/11/20,11,3,22,0.15,NO,0.3,5,0.3,N/A,N/A,26,yes,N/A,1531.111,N/A,1532.111
33,5/12/20,12,3,22,0.15,NO,0.3,5,0.3,N/A,N/A,43,yes,N/A,2532.222,N/A,2533.222
33,5/13/20,13,3,22,0.15,NO,0.3,5,0.3,N/A,N/A,36,yes,N/A,2120.000,N/A,2121.000
33,5/14/20,14,3,22,0.15,NO,0.3,5,0.3,N/A,N/A,28,yes,N/A,1648.889,N/A,1649.889
33,5/19/20,19,3,22,0.15,NO,0.3,6,0.3,N/A,N/A,38,yes,N/A,2660.000,N/A,2661.000
34,5/2/20,2,3,22,0.15,NO,0.3,3,0.3,N/A,N/A,34,yes,N/A,1246.667,N/A,1247.667
34,5/4/20,4,3,22,0.15,NO,0.3,4,0.3,N/A,N/A,19,yes,N/A,907.778,N/A,908.778
34,5/5/20,5,3,22,0.15,NO,0.3,3,0.3,N/A,N/A,56,yes,N/A,2053.333,N/A,2054.333
34,5/6/20,6,3,22,0.15,NO,0.3,4,0.3,N/A,N/A,42,yes,N/A,2006.667,N/A,2007.667
34,5/7/20,7,3,22,0.15,NO,0.3,4,0.3,N/A,N/A,36,yes,N/A,1720.000,N/A,1721.000
34,5/9/20,9,3,22,0.15,NO,0.3,5,0.3,N/A,N/A,26,yes,N/A,1531.111,N/A,1532.111
34,5/10/20,10,3,22,0.15,NO,0.3,5,0.3,N/A,N/A,24,yes,N/A,1413.333,N/A,1414.333
34,5/11/20,11,3,22,0.15,NO,0.3,5,0.3,N/A,N/A,20,yes,N/A,1177.778,N/A,1178.778
34,5/12/20,12,3,22,0.15,NO,0.3,5,0.3,N/A,N/A,28,yes,N/A,1648.889,N/A,1649.889
34,5/13/20,13,3,22,0.15,NO,0.3,5,0.3,N/A,N/A,24,yes,N/A,1413.333,N/A,1414.333
34,5/14/20,14,3,22,0.15,NO,0.3,5,0.3,N/A,N/A,31,yes,N/A,1825.556,N/A,1826.556
34,5/19/20,19,3,22,0.15,NO,0.3,6,0.3,N/A,N/A,33,yes,N/A,2310.000,N/A,2311.000
35,5/2/20,2,3,22,0.15,NO,0.3,3,0.3,N/A,N/A,30,yes,N/A,1100.000,N/A,1101.000
35,5/4/20,4,3,22,0.15,NO,0.3,4,0.3,N/A,N/A,28,yes,N/A,1337.778,N/A,1338.778
35,5/5/20,5,3,22,0.15,NO,0.3,3,0.3,N/A,N/A,44,yes,N/A,1613.333,N/A,1614.333
35,5/6/20,6,3,22,0.15,NO,0.3,4,0.3,N/A,N/A,37,yes,N/A,1767.778,N/A,1768.778
35,5/7/20,7,3,22,0.15,NO,0.3,4,0.3,N/A,N/A,41,yes,N/A,1958.889,N/A,1959.889
35,5/9/20,9,3,22,0.15,NO,0.3,5,0.3,N/A,N/A,24,yes,N/A,1413.333,N/A,1414.333
35,5/10/20,10,3,22,0.15,NO,0.3,5,0.3,N/A,N/A,15,yes,N/A,883.333,N/A,884.333
35,5/11/20,11,3,22,0.15,NO,0.3,5,0.3,N/A,N/A,20,yes,N/A,1177.778,N/A,1178.778
35,5/12/20,12,3,22,0.15,NO,0.3,5,0.3,N/A,N/A,20,yes,N/A,1177.778,N/A,1178.778
35,5/13/20,13,3,22,0.15,NO,0.3,5,0.3,N/A,N/A,27,yes,N/A,1590.000,N/A,1591.000
35,5/14/20,14,3,22,0.15,NO,0.3,5,0.3,N/A,N/A,30,yes,N/A,1766.667,N/A,1767.667
35,5/19/20,19,3,22,0.15,NO,0.3,6,0.3,N/A,N/A,32,yes,N/A,2240.000,N/A,2241.000
36,5/2/20,2,3,22,0.15,NO,0.3,3,0.3,N/A,N/A,52,yes,N/A,1906.667,N/A,1907.667
36,5/4/20,4,3,22,0.15,NO,0.3,4,0.3,N/A,N/A,37,yes,N/A,1767.778,N/A,1768.778
36,5/5/20,5,3,22,0.15,NO,0.3,3,0.3,N/A,N/A,27,yes,N/A,990.000,N/A,991.000
36,5/6/20,6,3,22,0.15,NO,0.3,4,0.3,N/A,N/A,49,yes,N/A,2341.111,N/A,2342.111
36,5/7/20,7,3,22,0.15,NO,0.3,4,0.3,N/A,N/A,36,yes,N/A,1720.000,N/A,1721.000
36,5/9/20,9,3,22,0.15,NO,0.3,5,0.3,N/A,N/A,23,yes,N/A,1354.444,N/A,1355.444
36,5/10/20,10,3,22,0.15,NO,0.3,5,0.3,N/A,N/A,26,yes,N/A,1531.111,N/A,1532.111
36,5/11/20,11,3,22,0.15,NO,0.3,5,0.3,N/A,N/A,28,yes,N/A,1648.889,N/A,1649.889
36,5/12/20,12,3,22,0.15,NO,0.3,5,0.3,N/A,N/A,26,yes,N/A,1531.111,N/A,1532.111
36,5/13/20,13,3,22,0.15,NO,0.3,5,0.3,N/A,N/A,34,yes,N/A,2002.222,N/A,2003.222
36,5/14/20,14,3,22,0.15,NO,0.3,5,0.3,N/A,N/A,34,yes,N/A,2002.222,N/A,2003.222
36,5/19/20,19,3,22,0.15,NO,0.3,6,0.3,N/A,N/A,41,yes,N/A,2870.000,N/A,2871.000
37,5/2/20,2,3,22,0.4,NO,0.3,3,0.3,N/A,N/A,56,yes,N/A,2053.333,N/A,2054.333
37,5/4/20,4,3,22,0.4,NO,0.3,5,0.3,N/A,N/A,38,yes,N/A,2237.778,N/A,2238.778
37,5/5/20,5,3,22,0.4,NO,0.3,3,0.3,N/A,N/A,45,yes,N/A,1650.000,N/A,1651.000
37,5/6/20,6,3,22,0.4,NO,0.3,4,0.3,N/A,N/A,48,yes,N/A,2293.333,N/A,2294.333
37,5/7/20,7,3,22,0.4,NO,0.3,5,0.3,N/A,N/A,47,yes,N/A,2767.778,N/A,2768.778
37,5/9/20,9,3,22,0.4,NO,0.3,6,0.3,N/A,N/A,33,yes,N/A,2310.000,N/A,2311.000
37,5/10/20,10,3,22,0.4,NO,0.3,6,0.3,N/A,N/A,32,yes,N/A,2240.000,N/A,2241.000
37,5/11/20,11,3,22,0.4,NO,0.3,6,0.3,N/A,N/A,35,yes,N/A,2450.000,N/A,2451.000
37,5/12/20,12,3,22,0.4,NO,0.3,6,0.3,N/A,N/A,31,yes,N/A,2170.000,N/A,2171.000
37,5/13/20,13,3,22,0.4,NO,0.3,7,0.3,N/A,N/A,20,yes,N/A,1622.222,N/A,1623.222
37,5/14/20,14,3,22,0.4,NO,0.3,7,0.3,N/A,N/A,15,yes,N/A,1216.667,N/A,1217.667
37,5/19/20,19,3,22,0.4,NO,0.3,7,0.3,N/A,N/A,52,yes,N/A,4217.778,N/A,4218.778
38,5/2/20,2,3,22,0.4,NO,0.3,5,0.3,N/A,N/A,44,yes,N/A,2591.111,N/A,2592.111
38,5/4/20,4,3,22,0.4,NO,0.3,5,0.3,N/A,N/A,53,yes,N/A,3121.111,N/A,3122.111
38,5/5/20,5,3,22,0.4,NO,0.3,3,0.3,N/A,N/A,46,yes,N/A,1686.667,N/A,1687.667
38,5/6/20,6,3,22,0.4,NO,0.3,5,0.3,N/A,N/A,33,yes,N/A,1943.333,N/A,1944.333
38,5/7/20,7,3,22,0.4,NO,0.3,5,0.3,N/A,N/A,31,yes,N/A,1825.556,N/A,1826.556
38,5/9/20,9,3,22,0.4,NO,0.3,6,0.3,N/A,N/A,39,yes,N/A,2730.000,N/A,2731.000
38,5/10/20,10,3,22,0.4,NO,0.3,6,0.3,N/A,N/A,26,yes,N/A,1820.000,N/A,1821.000
38,5/11/20,11,3,22,0.4,NO,0.3,6,0.3,N/A,N/A,32,yes,N/A,2240.000,N/A,2241.000
38,5/12/20,12,3,22,0.4,NO,0.3,6,0.3,N/A,N/A,43,yes,N/A,3010.000,N/A,3011.000
38,5/13/20,13,3,22,0.4,NO,0.3,7,0.3,N/A,N/A,36,yes,N/A,2920.000,N/A,2921.000
38,5/14/20,14,3,22,0.4,NO,0.3,7,0.3,N/A,N/A,18,yes,N/A,1460.000,N/A,1461.000
38,5/19/20,19,3,22,0.4,NO,0.3,7,0.3,N/A,N/A,55,yes,N/A,4461.111,N/A,4462.111
39,5/2/20,2,3,22,0.4,NO,0.3,5,0.3,N/A,N/A,50,yes,N/A,2944.444,N/A,2945.444
39,5/4/20,4,3,22,0.4,NO,0.3,5,0.3,N/A,N/A,65,yes,N/A,3827.778,N/A,3828.778
39,5/5/20,5,3,22,0.4,NO,0.3,3,0.3,N/A,N/A,84,yes,N/A,3080.000,N/A,3081.000
39,5/6/20,6,3,22,0.4,NO,0.3,4,0.3,N/A,N/A,67,yes,N/A,3201.111,N/A,3202.111
39,5/7/20,7,3,22,0.4,NO,0.3,5,0.3,N/A,N/A,54,yes,N/A,3180.000,N/A,3181.000
39,5/9/20,9,3,22,0.4,NO,0.3,6,0.3,N/A,N/A,50,yes,N/A,3500.000,N/A,3501.000
39,5/10/20,10,3,22,0.4,NO,0.3,6,0.3,N/A,N/A,36,yes,N/A,2520.000,N/A,2521.000
39,5/11/20,11,3,22,0.4,NO,0.3,6,0.3,N/A,N/A,40,yes,N/A,2800.000,N/A,2801.000
39,5/12/20,12,3,22,0.4,NO,0.3,6,0.3,N/A,N/A,47,yes,N/A,3290.000,N/A,3291.000
39,5/13/20,13,3,22,0.4,NO,0.3,7,0.3,N/A,N/A,29,yes,N/A,2352.222,N/A,2353.222
39,5/14/20,14,3,22,0.4,NO,0.3,7,0.3,N/A,N/A,14,yes,N/A,1135.556,N/A,1136.556
39,5/19/20,19,3,22,0.4,NO,0.3,7,0.3,N/A,N/A,39,yes,N/A,3163.333,N/A,3164.333
40,5/2/20,2,3,22,0.4,NO,0.3,5,0.3,N/A,N/A,49,yes,N/A,2885.556,N/A,2886.556
40,5/4/20,4,3,22,0.4,NO,0.3,5,0.3,N/A,N/A,54,yes,N/A,3180.000,N/A,3181.000
40,5/5/20,5,3,22,0.4,NO,0.3,3,0.3,N/A,N/A,68,yes,N/A,2493.333,N/A,2494.333
40,5/6/20,6,3,22,0.4,NO,0.3,4,0.3,N/A,N/A,63,yes,N/A,3010.000,N/A,3011.000
40,5/7/20,7,3,22,0.4,NO,0.3,5,0.3,N/A,N/A,59,yes,N/A,3474.444,N/A,3475.444
40,5/9/20,9,3,22,0.4,NO,0.3,6,0.3,N/A,N/A,49,yes,N/A,3430.000,N/A,3431.000
40,5/10/20,10,3,22,0.4,NO,0.3,6,0.3,N/A,N/A,41,yes,N/A,2870.000,N/A,2871.000
40,5/11/20,11,3,22,0.4,NO,0.3,6,0.3,N/A,N/A,59,yes,N/A,4130.000,N/A,4131.000
40,5/12/20,12,3,22,0.4,NO,0.3,6,0.3,N/A,N/A,46,yes,N/A,3220.000,N/A,3221.000
40,5/13/20,13,3,22,0.4,NO,0.3,7,0.3,N/A,N/A,29,yes,N/A,2352.222,N/A,2353.222
40,5/14/20,14,3,22,0.4,NO,0.3,7,0.3,N/A,N/A,12,yes,N/A,973.333,N/A,974.333
40,5/19/20,19,3,22,0.4,NO,0.3,7,0.3,N/A,N/A,58,yes,N/A,4704.444,N/A,4705.444
41,5/2/20,2,3,22,0.15,YES,0.3,3,0.3,1,NO,16,yes,3.333,586.667,4.333,587.667
41,5/4/20,4,3,22,0.15,YES,0.3,0,0.3,3,NO,0,no,10.000,0.000,11.000,1.000
41,5/5/20,5,3,22,0.15,YES,0.3,0,0.3,11,NO,0,no,36.667,0.000,37.667,1.000
41,5/6/20,6,3,22,0.15,YES,0.3,0,0.3,6,NO,0,no,20.000,0.000,21.000,1.000
41,5/7/20,7,3,22,0.15,YES,0.3,0,0.3,14,NO,0,no,46.667,0.000,47.667,1.000
41,5/9/20,9,3,22,0.15,YES,0.3,0,0.3,12,NO,0,no,40.000,0.000,41.000,1.000
41,5/10/20,10,3,22,0.15,YES,0.3,0,0.3,10,NO,0,no,33.333,0.000,34.333,1.000
41,5/11/20,11,3,22,0.15,YES,0.3,0,0.3,8,NO,0,no,26.667,0.000,27.667,1.000
41,5/12/20,12,3,22,0.15,YES,0.3,0,0.3,9,NO,0,no,30.000,0.000,31.000,1.000
41,5/13/20,13,3,22,0.15,YES,0.3,0,0.3,6,NO,0,no,20.000,0.000,21.000,1.000
41,5/14/20,14,3,22,0.15,YES,0.3,0,0.3,16,NO,0,no,53.333,0.000,54.333,1.000
41,5/19/20,19,3,22,0.15,YES,0.3,0,0.3,8,NO,0,no,26.667,0.000,27.667,1.000
42,5/2/20,2,3,22,0.15,YES,0.3,2,0.3,4,NO,19,yes,13.333,485.556,14.333,486.556
42,5/4/20,4,3,22,0.15,YES,0.3,0,0.3,6,NO,0,no,20.000,0.000,21.000,1.000
42,5/5/20,5,3,22,0.15,YES,0.3,0,0.3,19,NO,1,no,63.333,3.333,64.333,4.333
42,5/6/20,6,3,22,0.15,YES,0.3,0,0.3,9,NO,0,no,30.000,0.000,31.000,1.000
42,5/7/20,7,3,22,0.15,YES,0.3,0,0.3,8,NO,0,no,26.667,0.000,27.667,1.000
42,5/9/20,9,3,22,0.15,YES,0.3,0,0.3,7,NO,0,no,23.333,0.000,24.333,1.000
42,5/10/20,10,3,22,0.15,YES,0.3,0,0.3,7,NO,0,no,23.333,0.000,24.333,1.000
42,5/11/20,11,3,22,0.15,YES,0.3,0,0.3,6,NO,0,no,20.000,0.000,21.000,1.000
42,5/12/20,12,3,22,0.15,YES,0.3,0,0.3,6,NO,0,no,20.000,0.000,21.000,1.000
42,5/13/20,13,3,22,0.15,YES,0.3,0,0.3,4,NO,0,no,13.333,0.000,14.333,1.000
42,5/14/20,14,3,22,0.15,YES,0.3,0,0.3,8,NO,0,no,26.667,0.000,27.667,1.000
42,5/19/20,19,3,22,0.15,YES,0.3,0,0.3,7,NO,0,no,23.333,0.000,24.333,1.000
43,5/2/20,2,3,22,0.15,YES,0.3,2,0.3,4,NO,22,yes,13.333,562.222,14.333,563.222
43,5/4/20,4,3,22,0.15,YES,0.3,0,0.3,11,NO,0,no,36.667,0.000,37.667,1.000
43,5/5/20,5,3,22,0.15,YES,0.3,0,0.3,12,NO,0,no,40.000,0.000,41.000,1.000
43,5/6/20,6,3,22,0.15,YES,0.3,0,0.3,9,NO,0,no,30.000,0.000,31.000,1.000
43,5/7/20,7,3,22,0.15,YES,0.3,0,0.3,10,NO,0,no,33.333,0.000,34.333,1.000
43,5/9/20,9,3,22,0.15,YES,0.3,0,0.3,3,NO,0,no,10.000,0.000,11.000,1.000
43,5/10/20,10,3,22,0.15,YES,0.3,0,0.3,4,NO,0,no,13.333,0.000,14.333,1.000
43,5/11/20,11,3,22,0.15,YES,0.3,0,0.3,12,NO,0,no,40.000,0.000,41.000,1.000
43,5/12/20,12,3,22,0.15,YES,0.3,0,0.3,16,NO,0,no,53.333,0.000,54.333,1.000
43,5/13/20,13,3,22,0.15,YES,0.3,0,0.3,9,NO,0,no,30.000,0.000,31.000,1.000
43,5/14/20,14,3,22,0.15,YES,0.3,0,0.3,8,NO,0,no,26.667,0.000,27.667,1.000
43,5/19/20,19,3,22,0.15,YES,0.3,0,0.3,9,NO,0,no,30.000,0.000,31.000,1.000
44,5/2/20,2,3,22,0.15,YES,0.3,3,0.3,3,NO,26,yes,10.000,953.333,11.000,954.333
44,5/4/20,4,3,22,0.15,YES,0.3,0,0.3,10,NO,1,no,33.333,3.333,34.333,4.333
44,5/5/20,5,3,22,0.15,YES,0.3,0,0.3,5,NO,0,no,16.667,0.000,17.667,1.000
44,5/6/20,6,3,22,0.15,YES,0.3,0,0.3,5,NO,0,no,16.667,0.000,17.667,1.000
44,5/7/20,7,3,22,0.15,YES,0.3,0,0.3,4,NO,0,no,13.333,0.000,14.333,1.000
44,5/9/20,9,3,22,0.15,YES,0.3,0,0.3,10,NO,0,no,33.333,0.000,34.333,1.000
44,5/10/20,10,3,22,0.15,YES,0.3,0,0.3,12,NO,0,no,40.000,0.000,41.000,1.000
44,5/11/20,11,3,22,0.15,YES,0.3,0,0.3,15,NO,0,no,50.000,0.000,51.000,1.000
44,5/12/20,12,3,22,0.15,YES,0.3,0,0.3,16,NO,0,no,53.333,0.000,54.333,1.000
44,5/13/20,13,3,22,0.15,YES,0.3,0,0.3,19,NO,0,no,63.333,0.000,64.333,1.000
44,5/14/20,14,3,22,0.15,YES,0.3,0,0.3,10,NO,0,no,33.333,0.000,34.333,1.000
44,5/19/20,19,3,22,0.15,YES,0.3,0,0.3,22,NO,0,no,73.333,0.000,74.333,1.000
45,5/2/20,2,3,22,0.4,YES,0.3,3,0.3,4,NO,43,yes,13.333,1576.667,14.333,1577.667
45,5/4/20,4,3,22,0.4,YES,0.3,0,0.3,18,NO,0,no,60.000,0.000,61.000,1.000
45,5/5/20,5,3,22,0.4,YES,0.3,0,0.3,21,NO,0,no,70.000,0.000,71.000,1.000
45,5/6/20,6,3,22,0.4,YES,0.3,0,0.3,11,NO,0,no,36.667,0.000,37.667,1.000
45,5/7/20,7,3,22,0.4,YES,0.3,0,0.3,16,NO,0,no,53.333,0.000,54.333,1.000
45,5/9/20,9,3,22,0.4,YES,0.3,0,0.3,12,NO,0,no,40.000,0.000,41.000,1.000
45,5/10/20,10,3,22,0.4,YES,0.3,0,0.3,16,NO,0,no,53.333,0.000,54.333,1.000
45,5/11/20,11,3,22,0.4,YES,0.3,0,0.3,12,NO,0,no,40.000,0.000,41.000,1.000
45,5/12/20,12,3,22,0.4,YES,0.3,0,0.3,16,NO,0,no,53.333,0.000,54.333,1.000
45,5/13/20,13,3,22,0.4,YES,0.3,0,0.3,11,NO,0,no,36.667,0.000,37.667,1.000
45,5/14/20,14,3,22,0.4,YES,0.3,0,0.3,13,NO,0,no,43.333,0.000,44.333,1.000
45,5/19/20,19,3,22,0.4,YES,0.3,0,0.3,11,NO,0,no,36.667,0.000,37.667,1.000
46,5/2/20,2,3,22,0.4,YES,0.3,2,0.3,4,NO,35,yes,13.333,894.444,14.333,895.444
46,5/4/20,4,3,22,0.4,YES,0.3,0,0.3,8,NO,0,no,26.667,0.000,27.667,1.000
46,5/5/20,5,3,22,0.4,YES,0.3,0,0.3,8,NO,0,no,26.667,0.000,27.667,1.000
46,5/6/20,6,3,22,0.4,YES,0.3,0,0.3,8,NO,0,no,26.667,0.000,27.667,1.000
46,5/7/20,7,3,22,0.4,YES,0.3,0,0.3,13,NO,0,no,43.333,0.000,44.333,1.000
46,5/9/20,9,3,22,0.4,YES,0.3,0,0.3,14,NO,0,no,46.667,0.000,47.667,1.000
46,5/10/20,10,3,22,0.4,YES,0.3,0,0.3,15,NO,0,no,50.000,0.000,51.000,1.000
46,5/11/20,11,3,22,0.4,YES,0.3,0,0.3,24,NO,0,no,80.000,0.000,81.000,1.000
46,5/12/20,12,3,22,0.4,YES,0.3,0,0.3,15,NO,0,no,50.000,0.000,51.000,1.000
46,5/13/20,13,3,22,0.4,YES,0.3,0,0.3,12,NO,0,no,40.000,0.000,41.000,1.000
46,5/14/20,14,3,22,0.4,YES,0.3,0,0.3,10,NO,0,no,33.333,0.000,34.333,1.000
46,5/19/20,19,3,22,0.4,YES,0.3,0,0.3,8,NO,0,no,26.667,0.000,27.667,1.000
47,5/2/20,2,3,22,0.4,YES,0.3,2,0.3,5,NO,57,yes,16.667,1456.667,17.667,1457.667
47,5/4/20,4,3,22,0.4,YES,0.3,0,0.3,6,NO,0,no,20.000,0.000,21.000,1.000
47,5/5/20,5,3,22,0.4,YES,0.3,0,0.3,10,NO,0,no,33.333,0.000,34.333,1.000
47,5/6/20,6,3,22,0.4,YES,0.3,0,0.3,15,NO,0,no,50.000,0.000,51.000,1.000
47,5/7/20,7,3,22,0.4,YES,0.3,0,0.3,17,NO,0,no,56.667,0.000,57.667,1.000
47,5/9/20,9,3,22,0.4,YES,0.3,0,0.3,10,NO,0,no,33.333,0.000,34.333,1.000
47,5/10/20,10,3,22,0.4,YES,0.3,0,0.3,14,NO,0,no,46.667,0.000,47.667,1.000
47,5/11/20,11,3,22,0.4,YES,0.3,0,0.3,16,NO,0,no,53.333,0.000,54.333,1.000
47,5/12/20,12,3,22,0.4,YES,0.3,0,0.3,10,NO,0,no,33.333,0.000,34.333,1.000
47,5/13/20,13,3,22,0.4,YES,0.3,0,0.3,9,NO,0,no,30.000,0.000,31.000,1.000
47,5/14/20,14,3,22,0.4,YES,0.3,0,0.3,24,NO,0,no,80.000,0.000,81.000,1.000
47,5/19/20,19,3,22,0.4,YES,0.3,0,0.3,15,NO,1,no,50.000,3.333,51.000,4.333
48,5/2/20,2,3,22,0.4,YES,0.3,5,0.3,3,NO,30,yes,10.000,1766.667,11.000,1767.667
48,5/4/20,4,3,22,0.4,YES,0.3,0,0.3,19,NO,0,no,63.333,0.000,64.333,1.000
48,5/5/20,5,3,22,0.4,YES,0.3,0,0.3,12,NO,0,no,40.000,0.000,41.000,1.000
48,5/6/20,6,3,22,0.4,YES,0.3,0,0.3,19,NO,0,no,63.333,0.000,64.333,1.000
48,5/7/20,7,3,22,0.4,YES,0.3,0,0.3,16,NO,0,no,53.333,0.000,54.333,1.000
48,5/9/20,9,3,22,0.4,YES,0.3,0,0.3,24,NO,0,no,80.000,0.000,81.000,1.000
48,5/10/20,10,3,22,0.4,YES,0.3,0,0.3,17,NO,0,no,56.667,0.000,57.667,1.000
48,5/11/20,11,3,22,0.4,YES,0.3,0,0.3,20,NO,0,no,66.667,0.000,67.667,1.000
48,5/12/20,12,3,22,0.4,YES,0.3,0,0.3,21,NO,0,no,70.000,0.000,71.000,1.000
48,5/13/20,13,3,22,0.4,YES,0.3,0,0.3,20,NO,0,no,66.667,0.000,67.667,1.000
48,5/14/20,14,3,22,0.4,YES,0.3,0,0.3,20,NO,0,no,66.667,0.000,67.667,1.000
48,5/19/20,19,3,22,0.4,YES,0.3,0,0.3,17,NO,0,no,56.667,0.000,57.667,1.000
49,5/23/20,2,3,22,0.15,NO,0.3,3,0.3,N/A,N/A,31,yes,N/A,1136.667,N/A,1137.667
49,5/24/20,3,3,22,0.15,NO,0.3,5,0.3,N/A,N/A,71,yes,N/A,4181.111,N/A,4182.111
49,5/25/20,4,3,22,0.15,NO,0.3,8,0.3,N/A,N/A,41,yes,N/A,3781.111,N/A,3782.111
50,5/23/20,2,3,22,0.15,NO,0.3,3,0.3,N/A,N/A,28,yes,N/A,1026.667,N/A,1027.667
50,5/24/20,3,3,22,0.15,NO,0.3,5,0.3,N/A,N/A,60,yes,N/A,3533.333,N/A,3534.333
50,5/25/20,4,3,22,0.15,NO,0.3,8,0.3,N/A,N/A,42,yes,N/A,3873.333,N/A,3874.333
51,5/23/20,2,3,22,0.15,NO,0.3,3,0.3,N/A,N/A,29,yes,N/A,1063.333,N/A,1064.333
51,5/24/20,3,3,22,0.15,NO,0.3,5,0.3,N/A,N/A,58,yes,N/A,3415.556,N/A,3416.556
51,5/25/20,4,3,22,0.15,NO,0.3,8,0.3,N/A,N/A,35,yes,N/A,3227.778,N/A,3228.778
52,5/23/20,2,3,22,0.15,NO,0.3,3,0.3,N/A,N/A,43,yes,N/A,1576.667,N/A,1577.667
52,5/24/20,3,3,22,0.15,NO,0.3,5,0.3,N/A,N/A,51,yes,N/A,3003.333,N/A,3004.333
52,5/25/20,4,3,22,0.15,NO,0.3,8,0.3,N/A,N/A,29,yes,N/A,2674.444,N/A,2675.444
53,5/23/20,2,3,22,0.4,NO,0.3,5,0.3,N/A,N/A,67,yes,N/A,3945.556,N/A,3946.556
53,5/24/20,3,3,22,0.4,NO,0.3,8,0.3,N/A,N/A,72,yes,N/A,6640.000,N/A,6641.000
53,5/25/20,4,3,22,0.4,NO,0.3,10,0.3,N/A,N/A,58,yes,N/A,6637.778,N/A,6638.778
54,5/23/20,2,3,22,0.4,NO,0.3,5,0.3,N/A,N/A,46,yes,N/A,2708.889,N/A,2709.889
54,5/24/20,3,3,22,0.4,NO,0.3,8,0.3,N/A,N/A,68,yes,N/A,6271.111,N/A,6272.111
54,5/25/20,4,3,22,0.4,NO,0.3,10,0.3,N/A,N/A,48,yes,N/A,5493.333,N/A,5494.333
55,5/23/20,2,3,22,0.4,NO,0.3,5,0.3,N/A,N/A,33,yes,N/A,1943.333,N/A,1944.333
55,5/24/20,3,3,22,0.4,NO,0.3,8,0.3,N/A,N/A,79,yes,N/A,7285.556,N/A,7286.556
55,5/25/20,4,3,22,0.4,NO,0.3,10,0.3,N/A,N/A,53,yes,N/A,6065.556,N/A,6066.556
56,5/23/20,2,3,22,0.4,NO,0.3,5,0.3,N/A,N/A,61,yes,N/A,3592.222,N/A,3593.222
56,5/24/20,3,3,22,0.4,NO,0.3,8,0.3,N/A,N/A,66,yes,N/A,6086.667,N/A,6087.667
56,5/25/20,4,3,22,0.4,NO,0.3,10,0.3,N/A,N/A,60,yes,N/A,6866.667,N/A,6867.667